Modality,Description,cleaned_modality,USE
MRI,Axial T2-FLAIR,T2Flair,
MRI,Axial T2 TSE with Fat Sat,Other,
MRI,MPRAGE GRAPPA2,T1w,
MRI,Cor FLAIR TI_2800ms,T2Flair,
MRI,SAG 3D T1,T1w,
MRI,AX T2 FLAIR,T2Flair,
MRI,FSPGR 3D SAG,T1w,
MRI,3-pl T2* FGRE,T2Flair,
MRI,ax flair,T2Flair,
MRI,t2 weighted double echo,Other,
MRI,sag mprage,T1w,
fMRI,ep2d_bold_rest,rsfMRI,
MRI,AXIAL PD-T2 TSE FS,Other,
DTI,DTI_gated,DTI,
MRI,MPRAGE_GRAPPA_ADNI,T1w,
MRI,MPRAGE_GRAPPA,T1w,
MRI,sT1W_3D_TFE,T1w,
MRI,FLAIR_longTR,T2Flair,
MRI,T2W_TSE,T2Flair,
MRI,AXIAL PD-T2 TSE,Other,
MRI,MPRAGE_SAG,T1w,
MRI,MPRAGE GRAPPA,T1w,
MRI,Axial PD-T2 TSE FS,Other,
MRI,MPRAGE ADNI,T1w,
SPECT,018-75562_1 Brain Spect,SPECT,
MRI,Accelerated Sag IR-FSPGR,T1w,
MRI,Axial FLAIR,T2Flair,
MRI,Ax T2 FSE with Fat Sat,Other,
SPECT,Brain Tomo,SPECT,
MRI,2D GRE-MT,NM2DMT,
MRI,3D T1-weighted,T1w,
DTI,DTI_LR,DTI_LR,
fMRI,rsfMRI_RL,rsfMRI_RL,
MRI,3D T2 FLAIR,T2Flair,
DTI,DTI_RL,DTI_RL,
fMRI,rsfMRI_LR,rsfMRI_LR,
SPECT,018-75524_1 Brain Spect,SPECT,
SPECT,I123 DaTScan,SPECT,
MRI,PPMI_Axial T2 TSE with Fat Sat,Other,
MRI,PPMI_MPRAGE_GRAPPA2,T1w,
MRI,PPMI_AX_T2_FLAIR,T2Flair,
MRI,Axial PD/T2,T2Flair,
MRI,AX T2 Flair,T2Flair,
MRI,3D Sagittal T1,T1w,
MRI,3D_Brain_VIEW_FLAIR_SAG,T2Flair,
SPECT,PPMI DATSCAN,SPECT,
fMRI,RESTING STATE fMRI FAT SHIFT RIGHT,rsfMRI_LR,
MRI,3D T1,T1w,
fMRI,RESTING STATE fMRI FAT SHIFT LEFT,rsfMRI_RL,
fMRI,NM - MT,NM2DMT,
MRI,AXIAL 2D GRE-MT,NM2DMT,
MRI,SAG 3D T1 FSPGR,T1w,
DTI,Ax DTI,DTI,
fMRI,rsFMRI ep2dREPEAT,rsfMRI,
MRI,Sag 3D T2 FLAIR,T2Flair,
MRI,B0rf Map,Other,
fMRI,rsFMRI ep2d,rsfMRI,
SPECT,TOMO,SPECT,
MRI,3D T2 FLAIR_ND,T2Flair,
MRI,AX GRE -MT,NM2DMT,
DTI,AX DTI   L - R,DTI_LR,
MRI,SAG 3D FLAIR,T2Flair,
DTI,AX DTI   R - L,DTI_RL,
MRI,MPRAGE Repeat,T1w,
MRI,MPRAGE,T1w,
MRI,Cal Head 24,Other,
MRI,T1,T1w,
MRI,FLAIR,T2Flair,
MRI,T2,T2Flair,
MRI,Sag MPRAGE GRAPPA,T1w,
fMRI,ep2d_RESTING_STATE,rsfMRI,
MRI,AX T2 GRE MT,NM2DMT,
MRI,3D T2 SAG FLAIR_ND,T2Flair,
MRI,SAG 3D MPRAGE,T1w,
SPECT,R1-3,SPECT,
MRI,L>R RESTING STATE FMRI ep2d_fid_basic_bold,rsfMRI_LR,
MRI,3D T2 SAG FLAIR,T2Flair,
MRI,R>L RESTING STATE FMRI ep2d_fid_basic_bold,rsfMRI_RL,
fMRI,rsfMRI_R - L,rsfMRI_RL,
fMRI,rsfMRI_L - R,rsfMRI_LR,
SPECT,CE DATSCAN_ECT,SPECT,
DTI,DTI Sequence,DTI,
MRI,T1 Repeat,T1w,
MRI,rs fMRI _R-L,rsfMRI_RL,
MRI,DTI _30 dir R-L,DTI_RL,
MRI,"3D  T1w,",T1w,
MRI,DTI _30 dir L-R,DTI_LR,
MRI,rs fMRI _L-R,rsfMRI_LR,
MRI,RESTING STATE fMRI FAT SHIFT RIGHT,rsfMRI_LR,
MRI,RESTING STATE fMRI FAT SHIFT LEFT,rsfMRI_RL,
MRI,Flair,T2Flair,
MRI,NM - MT,NM2DMT,
SPECT,Raw Data,SPECT,
MRI,Sag MPRAGE GRAPPA_ND,T1w,
MRI,RESTING STATE FMRI ep2d_fid_basic_bold,rsfMRI,
SPECT,018-73935_1 Brain Spect,SPECT,
SPECT,SPECT I123,SPECT,
MRI,3 Plane Localizer,Other,
SPECT,018-73115_1 Brain SPECT,SPECT,
MRI,SAG 3D MPRAGE RPT,T1w,
MRI,3D T2 FLAIR_ti1650_ND,T2Flair,
MRI,3D T2 FLAIR_ti1650,T2Flair,
MRI,MPRAGE GRAPPA_ND,T1w,
MRI,MPRAGE GRAPPA 2,T1w,
DTI,Repeat DTI Sequence,DTI,
PET,6x5_PPMI_TAU (AC),PET,
fMRI,L>R RESTING STATE FMRI ep2d_fid_basic_bold,rsfMRI_LR,
fMRI,R>L RESTING STATE FMRI ep2d_fid_basic_bold,rsfMRI_RL,
MRI,MPRAGE_64channel_p2,T1w,
MRI,rpt_PPMI_MPRAGE_GRAPPA2,T1w,
SPECT,TOMO-1,SPECT,
DTI,DTI_pulse gated_AC PC line,DTI,
MRI,SAG MPRAGE GRAPPA_ND,T1w,
MRI,SAG MPRAGE GRAPPA,T1w,
SPECT,018-71093_1 Brain Spect,SPECT,
DTI,DTI_30dir R-L,DTI_RL,
DTI,DTI_30dir L-R,DTI_LR,
MRI,3D T1 _weighted,T1w,
fMRI,rsfMRI_L_R,rsfMRI_LR,
SPECT,120-70463_1,SPECT,
SPECT,120-70463_3,SPECT,
MRI,MPRAGE w/ GRAPPA,T1w,
MRI,Ax T2 FLAIR,T2Flair,
MRI,axial spgr,T1w,
MRI,flair,T2Flair,
DTI,DTI_gated AC-PC LINE,DTI,
DTI,DTI_non_gated,DTI,
MRI,FLAIR Repeat,T2Flair,
PET,18-F florbetaben 4i/16s,PET,
PET,TX Scan_4min 4i/16s,PET,
MRI,FLAIR repeat,T2Flair,
SPECT,007-59507_3,SPECT,
MRI,T1  Repeat,T1w,
MRI,SAG 3D T1 MPRAGE,T1w,
MRI,DTI_RL,DTI_RL,
MRI,rsfMRI_RL,rsfMRI_RL,
MRI,SAG 3D T2 FLAIR,T2Flair,
MRI,DTI_LR,DTI_LR,
MRI,rsfMRI_LR,rsfMRI_LR,
MRI,2D GRE-NM_MT,NM2DMT,
CT,CT Brain  3.0  H31s,CT,
PET,PET Brain,PET,
SPECT,018-58454_2 Brain Spect,SPECT,
SPECT,018-58454_1 Brain Spect,SPECT,
SPECT,SPECT,SPECT,
MRI,T1 REPEAT,T1w,
MRI,T1 REPEAT 2,T1w,
MRI,"T1-weighted, 3D VOLUMETRIC",T1w,
MRI,MPRAGE_GRAPPA2,T1w,
MRI,AX_T2_FLAIR,T2Flair,
DTI,DTI,DTI,
MRI,FLAIR REPEAT,T2Flair,
DTI,DTI_RL_split_1,DTI_RL,
MRI,2D GRE-NM,NM2DMT,
fMRI,rsfMRI_RL_split_1,rsfMRI_RL,
MRI,3D T2 FLAIR_SAGITAL,T2Flair,
DTI,DTI_LR_split_1,DTI_LR,
fMRI,rsfMRI_LR_split_1,rsfMRI_LR,
MRI,3D-T1-weighted_SAGITAL,T1w,
DTI,DTI_ADC,Other,
MRI,2D GRE-MT_RPT2,NM2DMT,
DTI,DTI_FA,Other,
DTI,DTI_TRACEW,Other,
DTI,NON DTI_gated,DTI,
SPECT,"LP10.0,.24",SPECT,
SPECT,"R1,2,3",SPECT,
SPECT,"R4,5,6",SPECT,
SPECT,120-55395_1,SPECT,
SPECT,120-55395_2,SPECT,
MRI,3D T1-WEIGHTED,T1w,
MRI,RSFMRI_RL,rsfMRI_RL,
MRI,RSFMRI_LR,rsfMRI_LR,
SPECT,018-55124_2 Brain Spect,SPECT,
SPECT,018-55124_1 Brain Spect,SPECT,
SPECT,R4-6,SPECT,
SPECT,018-54265_1 Brain Spect,SPECT,
SPECT,018-54265_2 Brain Spect,SPECT,
MRI,AX_T2_FLAIR-rpt,T2Flair,
PET,TX Scan_5min 4i/16s,PET,
SPECT,8its:8subs:nofilter,SPECT,
DTI,DTI_ LR,DTI_LR,
MRI,3D T1-weighted_ND,T1w,
DTI,DTI_ RL,DTI_RL,
SPECT,007-52678_2,SPECT,
CT,CTAC 3D BRAIN,CT,
SPECT,007-52678_4,SPECT,
CT,Recon 2: CTAC 3D BRAIN,CT,
SPECT,007-52678_1,SPECT,
PET,PPMI AV-133,PET,
MRI,MPRAGEadni,T1w,
SPECT,PPMI DUAL ISOTOPE BRAIN,SPECT,
CT,CTAC,CT,
PET,MNI BRAIN AC,PET,
MRI,Field_mapping,Other,
SPECT,007-51914_1,SPECT,
SPECT,018-51844_1 Brain Spect,SPECT,
MRI,DTI LR,DTI_LR,
MRI,2D GRE MT,NM2DMT,
MRI,DTI RL,DTI_RL,
MRI,3D SAG FLAIR,T2Flair,
SPECT,120-51632,SPECT,
SPECT,120-51632_1,SPECT,
SPECT,120-51632_4,SPECT,
SPECT,018-51625_3 Brain SPECT,SPECT,
SPECT,018-51625_2 Brain Spect,SPECT,
SPECT,018-51625_1 Brain Spect,SPECT,
SPECT,PROJECTION,SPECT,
MRI,Sag T1,T1w,
SPECT,018-51252_1 Brain Spect,SPECT,
SPECT,018-51252_3 Brain Spect,SPECT,
MRI,AX T1,T1w,
SPECT,018-51252_2 Brain Spect,SPECT,
MRI,AX FLAIR,T2Flair,
MRI,SAG T1 3DMPRAGE,T1w,
MRI,STRUC BRAVO SAG3D ARC,T1w,
SPECT,DATSCAN SPECT-223,SPECT,
MRI,STRUC T2FLAIR AX,T2Flair,
SPECT,CE DATSCAN -ECT,SPECT,
SPECT,DATScan /E1 123 Iodine 139-169,SPECT,
SPECT,PPMI BRAIN,SPECT,
MRI,T1 REPEAT2,T1w,
PET,154-50192-1-03,PET,
CT,154-50192-1-01,CT,
PET,154-50192-2-02,PET,
PET,154-50192-2-03,PET,
CT,154-50192-2-01,CT,
PET,154-50192-1-02,PET,
SPECT,007-50175_3,SPECT,
SPECT,007-50175_1,SPECT,
SPECT,007-50175_2,SPECT,
PET,TX Scan 4min 4i/16s,PET,
PET,AV 133 Delay 4i/16s,PET,
PET,AV 133 Delay 4i/16s-filtered,PET,
PET,AV 133 Delay 4i/16s-unfiltered,PET,
PET,AV 133 Delay 4i/16s-Filtered,PET,
PET,AV 133 Delay 4i/16s-Unfiltered,PET,
SPECT,ECT_ECT,SPECT,
PET,EM-filtered,PET,
PET,TX,PET,
PET,EM-unfiltered,PET,
PET,AV 133 Delay 4i/16s - Unfiltered,PET,
PET,AV 133 Delay 4i/16s - Filtered,PET,
PET,AV 133 Delay,PET,
fMRI,2D GRE-MT,NM2DMT,
SPECT,INVICRO_DaTscan_SPECT,SPECT,
CT,AC_CT,CT,
PET,PET Brain_FRAME_4 (AC),PET,
PET,PET Brain_FRAME_1 (AC),PET,
PET,PET Brain_FRAME_3 (AC),PET,
PET,PET Brain_FRAME_2 (AC),PET,
MRI,3D-T1-weighted,T1w,
MRI,MPRAGE SENSE2,T1w,
MRI,SURVEY,Other,
MRI,MPRAGE_ASO,T1w,
DTI,T2,T2Flair,
DTI,T1,T1w,
SPECT,DATSCAN PPMI,SPECT,
SPECT,DeIdentified,SPECT,
SPECT,TOMO LEHR,SPECT,
SPECT,Datscan,SPECT,
SPECT,PPMI,SPECT,
MRI,NM-GRE,NM2DMT,
fMRI,rsfMRI R-L,rsfMRI_RL,
DTI,DTI L-R,DTI_LR,
MRI,SAG FLAIR 3D,T2Flair,
MRI,MPRAGE SAG IPAT ISO,T1w,
DTI,DTI_R-L,DTI_RL,
fMRI,rsfMRI L-R,rsfMRI_LR,
SPECT,DS MNI_DATSCAN_SPECT,SPECT,
SPECT,CE DATSCAN-ECT,SPECT,
MRI,COR/FLAIR/r,T2Flair,
DTI,sT1W_3D_TFE,T1w,
SPECT,DatScan,SPECT,
MRI,mprage,T1w,
MRI,tra_T1_MPRAGE,T1w,
PET,PET Brain_FRAME_3,PET,
PET,PET Brain_FRAME_2,PET,
PET,PET Brain_FRAME_1,PET,
PET,PET Brain_FRAME_4,PET,
MRI,AXIAL FLAIR,T2Flair,
SPECT,PPMI Brain,SPECT,
MRI,SAG 3D SPGR,T1w,
MRI,SAG T1 MPRAGE,T1w,
MRI,AX T1 FLAIR,T1w,
DTI,DTI Sequence REPEAT,DTI,
PET,TX Scan 4i/16s,PET,
SPECT,AC3-0344113-G6N1,SPECT,
PET,AV 133 Initial,PET,
PET,measured atten - Iter(Brain Mod,PET,
PET,AV 133 Delay - Iter(Brain Mode),PET,
PET,EM,PET,
PET,AV 133 Initial 4i/16s,PET,
PET,AV 133 Initial - Iter(Brain Mod,PET,
PET,measured atten 4i/16s,PET,
SPECT,"R,1,2,3",SPECT,
PET,TX Scan 5.5min 4i/16s,PET,
PET,TX Scan 5min 4i/16s,PET,
PET,EM 80,PET,
PET,EM 55,PET,
CT,CT 3.75 Thick,CT,
PET,EM 85,PET,
PET,EM 50,PET,
PET,EM85,PET,
PET,EM80,PET,
PET,EM55,PET,
PET,EM50,PET,
MRI,MPRAGE w/ GRAPPA 2,T1w,
SPECT,BRAIN SPECT,SPECT,
fMRI,MRI_BOLD_RL,rsfMRI_RL,
MRI,3D SAG T1 MPRAGE,T1w,
MRI,MPRAGE_ASO_repeat,T1w,
fMRI,MRI_BOLD _LR,rsfMRI_LR,
DTI,AX DTI LR,DTI_LR,
MRI,3D T2  SPC FLAIR C9C1HN007,T2Flair,
SPECT,R1R2ADDFIL,SPECT,
MRI,3D SAG T1 MPRAGE_ND,T1w,
DTI,AX DTI RL,DTI_RL,
MRI,T1 repeat,T1w,
SPECT,R1R2Addfil,SPECT,
PET,516_PPMI_4x5min (AC),PET,
CT,H30S med smooth,CT,
CT,AC_CT H19S v smooth,CT,
SPECT,New Haven,SPECT,
SPECT,P-PPMI,SPECT,
MRI,SAG T1 3D FSPGR,T1w,
PET,18-F florbetaben 4i/16s  AV45,PET,
SPECT,120-4038_2,SPECT,
SPECT,120-4038_3,SPECT,
SPECT,120-4038_1,SPECT,
SPECT,120-4038_4,SPECT,
SPECT,120-4037_2,SPECT,
SPECT,120-4037_1,SPECT,
SPECT,120-4036_1,SPECT,
SPECT,120-4035_2,SPECT,
SPECT,120-4035_1,SPECT,
SPECT,120-4035_3,SPECT,
SPECT,120-4035_4,SPECT,
SPECT,120-4034_1,SPECT,
SPECT,120-4034_3,SPECT,
SPECT,120-4034_4,SPECT,
SPECT,120-4034_2,SPECT,
DTI,DTI_NON GATED,DTI,
DTI,DTI_non-gated,DTI,
DTI,DTI_gated NON,DTI,
SPECT,120-4033_2,SPECT,
SPECT,120-4033_1,SPECT,
SPECT,120-4033_3,SPECT,
SPECT,120-4033_4,SPECT,
SPECT,120-4032_1,SPECT,
SPECT,120-4031_1,SPECT,
SPECT,120-4031_2,SPECT,
SPECT,120-4030_2,SPECT,
SPECT,120-4030_3,SPECT,
SPECT,120-4030_1,SPECT,
SPECT,120-4030_4,SPECT,
SPECT,120-4029_3,SPECT,
SPECT,120-4029_1,SPECT,
SPECT,120-4029_2,SPECT,
SPECT,120-4029_4,SPECT,
SPECT,120-4027_3,SPECT,
SPECT,120-4027_4,SPECT,
SPECT,120-4027_1,SPECT,
SPECT,120-4026_3,SPECT,
SPECT,120-4026_1,SPECT,
SPECT,120-4026_2,SPECT,
SPECT,120-4025_2,SPECT,
SPECT,120-4025_1,SPECT,
SPECT,120-4025_4,SPECT,
SPECT,120-4025_3,SPECT,
SPECT,120-4024_1,SPECT,
SPECT,120-4024_3,SPECT,
SPECT,120-4024_4,SPECT,
SPECT,120-4024_2,SPECT,
SPECT,120-4023_1,SPECT,
SPECT,120-4023_2,SPECT,
SPECT,120-4022_3,SPECT,
SPECT,120-4022_2,SPECT,
SPECT,120-4022_1,SPECT,
SPECT,120-4022_4,SPECT,
SPECT,120-4021_1,SPECT,
SPECT,120-4021_2,SPECT,
SPECT,120-4021_4,SPECT,
SPECT,120-4020_4,SPECT,
SPECT,120-4020_3,SPECT,
SPECT,120-4020_1,SPECT,
SPECT,120-4020_2,SPECT,
SPECT,120-4019_2,SPECT,
SPECT,120-4019_3,SPECT,
SPECT,120-4019_4,SPECT,
SPECT,120-4019_1,SPECT,
SPECT,120-4018_1,SPECT,
SPECT,120-4017_1,SPECT,
SPECT,120-4016_1,SPECT,
SPECT,120-4014_1,SPECT,
SPECT,120-4013_1,SPECT,
SPECT,120-4013_2,SPECT,
SPECT,120-4012_1,SPECT,
SPECT,120-4012_3,SPECT,
SPECT,120-4012_2,SPECT,
SPECT,120-4012_4,SPECT,
SPECT,120-4011_3,SPECT,
SPECT,120-4011_4,SPECT,
SPECT,120-4011_2,SPECT,
SPECT,120-4011_1,SPECT,
SPECT,120-4010_1,SPECT,
SPECT,120-4009_1,SPECT,
SPECT,120-4008_1,SPECT,
SPECT,120-4007_1,SPECT,
SPECT,120-4006_1,SPECT,
SPECT,120-4005_1,SPECT,
SPECT,120-4005_4,SPECT,
SPECT,120-4005_3,SPECT,
SPECT,120-4005_2,SPECT,
SPECT,120-4004_1,SPECT,
SPECT,120-4003_1,SPECT,
SPECT,018-40012_1 Brain Spect,SPECT,
SPECT,120-4001_3,SPECT,
SPECT,120-4001_4,SPECT,
SPECT,120-4001_1,SPECT,
SPECT,120-4001_2,SPECT,
SPECT,120-4000_1,SPECT,
SPECT,ECT_ECT_3956R,SPECT,
SPECT,ECT_ECT R3955,SPECT,
SPECT,DATScan /E1,SPECT,
MRI,t1_mpr_ns_sag_p2_iso,T1w,
SPECT,DATScan,SPECT,
SPECT,DATScan /E2,SPECT,
CT,Topogram  1.0  T20s,CT,
PET,516_PPMI_4x5min (NAC),PET,
SPECT,HIRN-PPMI,SPECT,
SPECT,Hirn DAT,SPECT,
DTI,DTI_ungated,DTI,
MRI,DTI_gated,DTI,
SPECT,Hirn ppmi Studie,SPECT,
SPECT,NM,SPECT,
DTI,DTI_none_gated,DTI,
DTI,DTI_none gated,DTI,
SPECT,,PET,
SPECT,None provided,SPECT,
SPECT,PPMI DatScan,SPECT,
SPECT,I123_window,SPECT,
MRI,T2W_FLAIR,T2Flair,
SPECT,R3R4ADDFIL,SPECT,
MRI,sT1W_3D_ISO,T1w,
MRI,sT1W_3D_FFE,T1w,
SPECT,R1R2addfil,SPECT,
SPECT,R3R4addfil,SPECT,
PET,154-3668-1-02,PET,
CT,154-3668-1-01,CT,
PET,154-3668-1-0-03,PET,
PET,154-3668-1-03,PET,
PET,154-3666-3-03,PET,
CT,154-3666-1-01,CT,
PET,154-3666-3-02,PET,
PET,154-3666-1-02,PET,
CT,154-3666-3-01,CT,
PET,154-3666-1-03,PET,
PET,154-3665-2-02,PET,
PET,154-3665-2-03,PET,
PET,154-3665-1-02,PET,
CT,154-3665-1-01,CT,
PET,154-3665-1-03,PET,
CT,154-3665-2-01,CT,
CT,154-3664-2-01,CT,
CT,154-3664-1-CT80,CT,
PET,154-3664-2-02,PET,
PET,154-3664-1-03,PET,
PET,154-3664-1-02,PET,
PET,154-3664-2-03,PET,
CT,154-3664-1-CT50,CT,
PET,154-3661-1-02,PET,
PET,154-3661-1-03,PET,
PET,154-3661-1-06,PET,
PET,154-3661-1-05,PET,
SPECT,RAW 1,SPECT,
MRI,SAG T1 3D MPRAGE,T1w,
SPECT,DATSCAN,SPECT,
SPECT,sum 1,SPECT,
SPECT,RAW 2,SPECT,
SPECT,RAW1,SPECT,
SPECT,SUM 2,SPECT,
SPECT,SUM 1,SPECT,
MRI,SAG SPGR 3D,T1w,
SPECT,RAW_1,SPECT,
SPECT,raw 1,SPECT,
SPECT,DATSCAN /E1,SPECT,
SPECT,120-3605_5,SPECT,
MRI,MPRAGE 2 ADNI,T1w,
DTI,TRIGGERED DTI,DTI,
PET,PPMI_Florbetaben_4X5 (AC),PET,
CT,CT Brain 3.0 H31s,CT,
MRI,FLAIR_LongTR AX,T2Flair,
SPECT,BRAIN,SPECT,
SPECT,PPMI-Brain Spect,SPECT,
SPECT,PPMI-B Brain Spect UAB,SPECT,
SPECT,AddFiles,SPECT,
MRI,T1W_3D_FFE COR,T1w,
MRI,T1 SAG,T1w,
MRI,FLAIR_LongTR SENSE,T2Flair,
MRI,T1W_3D_FFE AX,T1w,
MRI,T1 AXIAL,T1w,
SPECT,AddFiles |> ECT,SPECT,
CT,STND,CT,
CT,STND HEAD,CT,
PET,PPMI FLORBETABEN 3D BRAIN,PET,
SPECT,PPMI DUAL ISOTOPE BRAIN2,SPECT,
MRI,FLAIR AXIAL,T2Flair,
MRI,MPRAGE SAG,T1w,
MRI,SAG T1 3D FSPGR 3RD REPEAT,T1w,
MRI,Ax FLAIR,T2Flair,
MRI,SAG SPGR,T1w,
PET,,PET,
SPECT,AddR123,SPECT,
SPECT,AddR789,SPECT,
SPECT,"R1,2,3,",SPECT,
SPECT,"AddR1,2,3",SPECT,
SPECT,Add123,SPECT,
DTI,DTI_non gated,DTI,
DTI,DTI_non gated Repeat,DTI,
DTI,DTI_ non_gated,DTI,
DTI,REPEAT_DTI_NON GATED,DTI,
DTI,DTI_NON gated,DTI,
DTI,DTI_Non gated Repeat,DTI,
DTI,DTI_Non gated,DTI,
DTI,Repeat DTI_non gated,DTI,
DTI,DTI_NON-gated,DTI,
DTI,DTI_non gated Repeated,DTI,
DTI,DTI_N0N GATED,DTI,
DTI,DTI_NON gated REPEAT,DTI,
DTI,DTI_GATED,DTI,
DTI,REPEAT_DTI_GATED,DTI,
MRI,MPRAGE T1 SAG,T1w,
DTI,DTI_non gated repeat,DTI,
DTI,REPEAT_DTI_ NON GATED,DTI,
DTI,DTI_Non Gated,DTI,
DTI,DTI_ non gated,DTI,
DTI,DTI_ NON gated REPEAT,DTI,
DTI,REPEAT DTI_NON GATED,DTI,
DTI,REPEAT_DTI_NONGATED,DTI,
DTI,DTI_NONGATED,DTI,
DTI,REPEAT DTI_NON gated,DTI,
DTI,REPEAT_DTI_NON-GATED,DTI,
DTI,DTI_NON-GATED,DTI,
DTI,DTI_Non-gated,DTI,
DTI,DTI_NON_GATED,DTI,
DTI,REPEAT_NON DTI_GATED,DTI,
SPECT,DATSCAN Brain,SPECT,
SPECT,PPMI DAT Brain,SPECT,
DTI,DTI_pulse gated_AC/PC line,DTI,
MRI,MPRAGE GRAPPA2(adni),T1w,
MRI,SAG FSPGR 3D,T1w,
MRI,AX FLAIR T2,T2Flair,
CT,AC CT Brain 50,CT,
SPECT,018-3237_1 Brain Spect,SPECT,
PET,EM105,PET,
PET,EM100,PET,
PET,EM90,PET,
PET,EM95,PET,
SPECT,018-3236_1 Brain Spect,SPECT,
SPECT,018-3235_1 Brain Spect,SPECT,
CT,AC CT Brain 80,CT,
SPECT,018-3234_2 Brain Spect,SPECT,
CT,Topogram  0.6  T20s,CT,
SPECT,018-3234_3 Brain Spect,SPECT,
SPECT,018-3234_1 Brain Spect,SPECT,
SPECT,018-3234_4 Brain Spect,SPECT,
SPECT,018-3233_3 Brain Spect,SPECT,
SPECT,018-3233_4 Brain Spect,SPECT,
SPECT,018-3233_1 Brain Spect,SPECT,
SPECT,018-3233_2 Brain Spect,SPECT,
SPECT,018-3232_1 Brain Spect,SPECT,
SPECT,018-3231_3 Brain Spect,SPECT,
SPECT,018-3231_1 Brain Spect,SPECT,
SPECT,018-3231_4 Brain Spect,SPECT,
SPECT,018-3231_2 Brain Spect,SPECT,
SPECT,018-3230_4 Brain Spect,SPECT,
SPECT,018-3230_2 Brain Spect,SPECT,
SPECT,018-3230_3 Brain Spect,SPECT,
SPECT,018-3230_1 Brain Spect,SPECT,
SPECT,018-3229_3 Brain Spect,SPECT,
SPECT,018-3229_1 Brain Spect,SPECT,
SPECT,018-3229_4 Brain Spect,SPECT,
SPECT,018-3229_2 Brain Spect,SPECT,
SPECT,018-3228_2 Brain Spect,SPECT,
SPECT,018-3228_3 Brain Spect,SPECT,
SPECT,018-3228_1 Brain Spect,SPECT,
SPECT,018-3228_4 Brain Spect,SPECT,
SPECT,018-3227_4 Brain Spect,SPECT,
SPECT,018-3227_1 Brain Spect,SPECT,
SPECT,018-3227_2 Brain Spect,SPECT,
SPECT,018-3227_3 Brain Spect,SPECT,
SPECT,018-3226_1 Brain Spect,SPECT,
SPECT,018-3226_2 Brain Spect,SPECT,
SPECT,018-3226_4 Brain Spect,SPECT,
SPECT,018-3226_3 Brain Spect,SPECT,
SPECT,018-3225_3 Brain Spect,SPECT,
SPECT,018-3225_1 Brain Spect,SPECT,
SPECT,018-3225_2 Brain Spect,SPECT,
SPECT,018-3225_4 Brain Spect,SPECT,
SPECT,018-3224_4 Brain Spect,SPECT,
SPECT,018-3224_2 Brain Spect,SPECT,
SPECT,018-3224_3 Brain Spect,SPECT,
SPECT,018-3224_1 Brain Spect,SPECT,
SPECT,018-3223_4 Brain Spect,SPECT,
SPECT,018-3223_1 Brain Spect,SPECT,
SPECT,018-3223_2 Brain Spect,SPECT,
SPECT,018-3223_3 Brain Spect,SPECT,
SPECT,018-3221_1 Brain Spect,SPECT,
SPECT,018-3220_1 Brain Spect,SPECT,
SPECT,018-3220_4 Brain Spect,SPECT,
SPECT,018-3220_3 Brain Spect,SPECT,
SPECT,018-3220_2 Brain Spect,SPECT,
SPECT,018-3219_1 Brain Spect,SPECT,
SPECT,018-3218_1 Brain Spect,SPECT,
SPECT,018-3218_2 Brain Spect,SPECT,
SPECT,018-3218_4 Brain Spect,SPECT,
SPECT,018-3218_3 Brain Spect,SPECT,
SPECT,018-3217_1 Brain Spect,SPECT,
SPECT,018-3216_1 Brain Spect,SPECT,
SPECT,018-3215_1 Brain Spect,SPECT,
SPECT,018-3214_4 Brain Spect,SPECT,
SPECT,018-3214_1 Brain Spect,SPECT,
SPECT,018-3214_2 Brain Spect,SPECT,
SPECT,018-3214_3 Brain Spect,SPECT,
SPECT,018-3213_1 Brain Spect,SPECT,
SPECT,018-3212_4 Brain Spect,SPECT,
SPECT,018-3212_1 Brain Spect,SPECT,
SPECT,018-3212_2 Brain Spect,SPECT,
SPECT,018-3212_3 Brain Spect,SPECT,
SPECT,018-3211_3 Brain Spect,SPECT,
SPECT,018-3211_2 Brain Spect,SPECT,
SPECT,018-3211_1 Brain Spect,SPECT,
SPECT,018-3210_1 Brain Spect,SPECT,
SPECT,018-3209_2 Brain Spect,SPECT,
SPECT,018-3209_4 Brain Spect,SPECT,
SPECT,018-3209_3 Brain Spect,SPECT,
SPECT,Brain Spect,SPECT,
SPECT,018-3208_1 Brain Spect,SPECT,
SPECT,018-3207_3 Brain Spect,SPECT,
SPECT,018-3207_4 Brain Spect,SPECT,
SPECT,018-3207_2 Brain Spect,SPECT,
SPECT,018-3206_1 Brain Spect,SPECT,
SPECT,018-3205_1 Brain Spect,SPECT,
SPECT,018-3205_4 Brain Spect,SPECT,
SPECT,0183204_1 Brain Spect,SPECT,
MRI,AX T1 SE C+,T1w,
SPECT,018-3203_5 Brain Spect,SPECT,
SPECT,018-3203_2 Brain Spect,SPECT,
SPECT,0183203_1Brain Spect,SPECT,
SPECT,018-3203_4 Brain Spect,SPECT,
SPECT,018-3203_3 Brain Spect,SPECT,
SPECT,0183202_1 Brain Spect,SPECT,
SPECT,Co57-I123,SPECT,
SPECT,0183200_1 Brain Spect,SPECT,
SPECT,DaTSCAN,SPECT,
MRI,AXIAL T1 3D MPRAGE,T1w,
PET,154-3186-1-03,PET,
PET,154-3186-1-02,PET,
MRI,T2  AXIAL FLAIR,T2Flair,
CT,154-3186-1-01,CT,
DTI,DTI_gated#1,DTI,
DTI,DTI_gated#2,DTI,
MRI,SAG MPRAGE GRAPPA2-NEW2016,T1w,
SPECT,DaTSCAN-R,SPECT,
DTI,DTI_UNgated,DTI,
DTI,DTI_UNgated#2,DTI,
SPECT,007-3134_2,SPECT,
SPECT,007-3134_3,SPECT,
SPECT,007-3134_1,SPECT,
SPECT,007-3134_4,SPECT,
SPECT,007-3133_1,SPECT,
SPECT,007-3132_3,SPECT,
SPECT,007-3132_4,SPECT,
SPECT,007-3132_2,SPECT,
SPECT,007-3132_1,SPECT,
SPECT,007-3131_2,SPECT,
SPECT,007-3131_1,SPECT,
SPECT,007-3131_3,SPECT,
SPECT,007-3130_3,SPECT,
SPECT,007-3130_1,SPECT,
SPECT,007-3130_4,SPECT,
SPECT,007-3130-2,SPECT,
SPECT,007-3129_1,SPECT,
SPECT,007-3128_1,SPECT,
SPECT,007-3128_2,SPECT,
SPECT,007-3128_3,SPECT,
SPECT,007-3128_4,SPECT,
SPECT,007-3127_4,SPECT,
SPECT,007-3127_1,SPECT,
SPECT,007-3126_3,SPECT,
SPECT,007-3126_4,SPECT,
SPECT,007-3126_1,SPECT,
SPECT,007-3126_2,SPECT,
SPECT,007-3125_1,SPECT,
SPECT,007-3125_4,SPECT,
SPECT,007-3125_2,SPECT,
SPECT,007-3125_3,SPECT,
SPECT,007-3124_4,SPECT,
SPECT,007-3124_2,SPECT,
SPECT,007-3124_1,SPECT,
SPECT,007-3124_3,SPECT,
SPECT,007-3123-4,SPECT,
SPECT,007-3123_2,SPECT,
SPECT,007-3123_1,SPECT,
SPECT,007-3123_3,SPECT,
SPECT,007-3122_4,SPECT,
SPECT,007-3122_1,SPECT,
SPECT,007-3122_2,SPECT,
SPECT,007-3122_3,SPECT,
SPECT,007-3120-1,SPECT,
SPECT,007-3120-2,SPECT,
SPECT,007-3120_3,SPECT,
SPECT,007-3120_4,SPECT,
SPECT,007-3119_1,SPECT,
SPECT,007-3119-3,SPECT,
SPECT,007-3119_4,SPECT,
PET,PPMI FLORBETABEN,PET,
SPECT,007-3119_2,SPECT,
SPECT,007-3118_1,SPECT,
SPECT,007-3118_4,SPECT,
SPECT,007-3118_3,SPECT,
SPECT,007-3118_2,SPECT,
SPECT,007-3116_3,SPECT,
SPECT,007-3116_1,SPECT,
SPECT,007-3116_4,SPECT,
SPECT,007-3116_2,SPECT,
SPECT,007-3115_1,SPECT,
SPECT,007-3114_1,SPECT,
SPECT,007-3113_2,SPECT,
SPECT,007-3113_3,SPECT,
SPECT,007-3113_1,SPECT,
SPECT,007-3112_1,SPECT,
SPECT,007-3111_2,SPECT,
SPECT,007-3111_1,SPECT,
SPECT,007-3111-3,SPECT,
SPECT,0073110_1,SPECT,
SPECT,007-3110_2,SPECT,
SPECT,007-3110_3,SPECT,
SPECT,007-3110_4,SPECT,
SPECT,007-3109_1,SPECT,
SPECT,007-3108_3,SPECT,
SPECT,007-3108_4,SPECT,
SPECT,007-3108_2,SPECT,
SPECT,007-3108_1,SPECT,
SPECT,007-3107_5,SPECT,
SPECT,007-3107_2,SPECT,
SPECT,007-3107-3,SPECT,
SPECT,007-3107_1,SPECT,
SPECT,007-3107_4,SPECT,
SPECT,007-3106_1,SPECT,
SPECT,007-3105_3,SPECT,
SPECT,007-3105_1,SPECT,
SPECT,007-3105_4,SPECT,
SPECT,007-3105_2,SPECT,
SPECT,007-3104_1,SPECT,
SPECT,007-3103_1,SPECT,
SPECT,007-3102_4,SPECT,
SPECT,007-3102_3,SPECT,
SPECT,007-3102_2,SPECT,
SPECT,007-3102_1,SPECT,
SPECT,007-3101_2,SPECT,
SPECT,007-3101_1,SPECT,
SPECT,0073100_1,SPECT,
SPECT,TRANS-CO57,SPECT,
SPECT,SPECT CO57,SPECT,
SPECT,I-123 SPECT,SPECT,
MRI,SAG FSPGR BRAVO,T1w,
MRI,Ax T1 FLAIR,T1w,
SPECT,CO-57 SPECT,SPECT,
SPECT,PPMI BRAIN I123,SPECT,
MRI,Ax T2 FLAIR  ang to ac-pc,T2Flair,
SPECT,PPMI BRAIN B I123,SPECT,
MRI,SAG 3D FSPGR BRAVO STRAIGHT,T1w,
MRI,AX T2 FLAIR 5/1,T2Flair,
MRI,sag 3D FSPGR BRAVO straight,T1w,
SPECT,PPMI BRAIN B,SPECT,
SPECT,PPMI BRAIN B  I-123,SPECT,
SPECT,Raw DataRS2,SPECT,
SPECT,I123ADD,SPECT,
SPECT,I123adds,SPECT,
SPECT,Raw DataR1S,SPECT,
SPECT,Raw DataR2,SPECT,
MRI,Sag T1 FLAIR,T1w,
MRI,AX 3D FSPGR straight brain lab,T1w,
SPECT,Raw brain4,SPECT,
SPECT,Raw DataR2S,SPECT,
SPECT,ADDI123,SPECT,
DTI,ep2d_diff_mddw_20_p2,DTI,
MRI,ep2d_diff_mddw_20_p2,DTI,
SPECT,PPMI DAT,SPECT,
SPECT,I-123 DaTSCAN,SPECT,
SPECT,TomoKSchale 30,SPECT,
SPECT,SUM,SPECT,
SPECT,1-DAT,SPECT,
MRI,2D_GRE-MT,NM2DMT,
MRI,3D_T1-weighted,T1w,
MRI,3D_T2_FLAIR,T2Flair,
MRI,repeat_BOLD_RS ACPC_LINE,rsfMRI,
MRI,Sagittal 3D Accelerated MPRAGE,T1w,
MRI,2D GRE MT MTC-NO,NM2DMT,
MRI,SAG 3D FLAIR_updated,T2Flair,
MRI,BOLD_RS ACPC_LINE,rsfMRI,
SPECT,INVICRO Datscan BRAIN SPECT,SPECT,
SPECT,DaTSCAN 089210,SPECT,
SPECT,DaTSCAN Studie,SPECT,
DTI,DTI_RL (FS-L),DTI_RL,
MRI,3D T1 MPRAGE,T1w,
MRI,rsfMRI RL (FS-L),rsfMRI_RL,
SPECT,Tomo,SPECT,
DTI,DTI_LR (FS-R),DTI_LR,
MRI,Repeat rsfMRI LR (FS-R),rsfMRI_LR,
SPECT,DaTScan,SPECT,
SPECT,INVICRO_DAT-CT,SPECT,
SPECT,Symbia PPMI 2.0,SPECT,
SPECT,TOMO PPMI,SPECT,
SPECT,Invicro Brain SPECT,SPECT,
SPECT,DATSCAN_SPECT,SPECT,
MRI,MPRAGE - Sag,T1w,
DTI,Axial DTI R>L,DTI_RL,
MRI,Resting State fMRI L>R,rsfMRI_LR,
MRI,Resting State fMRI R>L,rsfMRI_RL,
DTI,Axial DTI L>R,DTI_LR,
SPECT,PPMI Brain 2.0,SPECT,
SPECT,I-123 DatScan,SPECT,
SPECT,I123 DAT BRAIN,SPECT,
MRI,NM-MT,NM2DMT,
MRI,MPRAGE_,T1w,
fMRI,fMRI_ep2d_bold_LR,rsfMRI_LR,
fMRI,fMRI_ep2d_bold_RL_AC-PC LINE_OJOS ABIERTOS,rsfMRI_RL,
MRI,2D T2  FLAIR,T2Flair,
MRI,DTI (30Axis),DTI,
MRI,3DT2FLAIR,T2Flair,
SPECT,WE DATscan I123,SPECT,
MRI,2DGRE-MT,NM2DMT,
MRI,3DT1weighted,T1w,
fMRI,rsfMRI_LR (phase encoding - must be L>>R ... rotation -90),rsfMRI_LR,
fMRI,"rsfMRI_RL (no music, awake, eyes open)",rsfMRI_RL,
DTI,AX DTI   L - R  (phase encoding - must be L>>R ... rotation -90),DTI_LR,
SPECT,Invicro_I123_SPECT,SPECT,
MRI,3D T1 weighted,T1w,
SPECT,DaT Brain Tomo,SPECT,
fMRI,2D GRE_MT,NM2DMT,
SPECT,PROJECTION-MC,SPECT,
MRI,3D T1 - weighted,T1w,
MRI,2D T2 FLAIR,T2Flair,
MRI,2D T2 FLAIR..,T2Flair,
MRI,3D  T1w,T1w,
MRI,DTI_AP,DTI,
SPECT,I-123-DaTscan-SPECT,SPECT,
SPECT,DatScan SPECT,SPECT,
DTI,DTI_LR repeat,DTI_LR,
SPECT,Raw,SPECT,
MRI,rsfMRI L>R,rsfMRI_LR,
MRI,3D FLAIR SPACE,T2Flair,
MRI,DTI R>L,DTI_RL,
MRI,rsfMRI R>L,rsfMRI_RL,
MRI,SAG 3D MPR,T1w,
MRI,DTI L>R,DTI_LR,
SPECT,Invicro_DATscan_I-123_SPECT,SPECT,
SPECT,X,SPECT,
SPECT,Invicro DaTScan PPMI2.0,SPECT,
SPECT,Intevo PPMI 2.0,SPECT,
MRI,DTI_RL (FS-L),DTI_RL,
fMRI,rsfMRI RL (FS-L),rsfMRI_RL,
MRI,DTI_LR (FS-R),DTI_LR,
fMRI,Repeat rsfMRI LR (FS-R),rsfMRI_LR,
PET,AV 133 Delay 4i/16s FLT,PET,
PET,AV 133 Delay 4i/16s UNFLT,PET,
SPECT,Brain DATScan,SPECT,
MRI,SAG 3D T2 FLAIR_,T2Flair,
SPECT,TomoKSchale 40,SPECT,
SPECT,DATSCAN BRAIN,SPECT,
MRI,2D GRE-MT 4,NM2DMT,
MRI,SAG 3D T1-weighted,T1w,
DTI,AX DTI _RL,DTI_RL,
MRI,2D GRE-MT 3,NM2DMT,
MRI,2D GRE-MT 1,NM2DMT,
MRI,SAG 3D T2 FLAIR (CUBE),T2Flair,
MRI,2D GRE-MT 5,NM2DMT,
MRI,2D GRE-MT 2,NM2DMT,
SPECT,TomoKSchale 60,SPECT,
MRI,3 plane,Other,
SPECT,DummySeriesDesc!,SPECT,
MRI,DTI,DTI,
MRI,ep2d_bold_rest,rsfMRI,
MRI,AX GRE -MT REPEAT,NM2DMT,
SPECT,PPMI 2.0,SPECT,
SPECT,SPECT 1.85/128,SPECT,
fMRI,rsfMRI_LR (ROTATE AXIAL FOV 45 DEGREES),rsfMRI_LR,
DTI,AX DTI   L - R  (ROTATE AXIAL FOV 45 DEGREES),DTI_LR,
DTI,AX DTI _LR,DTI_LR,
SPECT,I 123 DaTscan,SPECT,
SPECT,Brain Tomo [Isotope (A) - Recon - NoAC ],SPECT,
DTI,ep2d_diff_RL,DTI_RL,
fMRI,ep2d_BOLD_LR,rsfMRI_LR,
DTI,ep2d_diff_LR,DTI_LR,
fMRI,ep2d_BOLD_RL,rsfMRI_RL,
SPECT,TomoKSchale 60-1,SPECT,
fMRI,Repeat Resting State fMRI (FS-R),rsfMRI,
MRI,DTI_RL (FS-R),DTI_RL,
fMRI,Resting State fMRI (FS-L),rsfMRI,
SPECT,228PD201,SPECT,
SPECT,DaTscan,SPECT,
SPECT,DaTSCAN I123-CT,SPECT,
SPECT,I-123-DaTscan-SPECT HEAD,SPECT,
PET,[BR-DY_CTAC] VMAT Brain Dyn,PET,
SPECT,2-DAT,SPECT,
PET,BRAIN AC,PET,
MRI,LOWER 2D GRE MT,NM2DMT,
MRI,Coronal,Other,
MRI,V3D T2 FLAIR,T2Flair,
PET,[BR-DY_NAC] VMAT Brain Dyn,PET,
MRI,AX 2D GRE-MT,NM2DMT,
MRI,AX rsfMRI_LR,rsfMRI_LR,
MRI,AX DTI_LR,DTI_LR,
MRI,AX rsfMRI_RL,rsfMRI_RL,
MRI,AX DTI_RL,DTI_RL,
PET,AV 133 Delay 4i/16s-FILTERED,PET,
PET,AV 133 Delay 4i/16s-no filter,PET,
PET,AV 133 Delay 4i/16s-UNFILTERED,PET,
SPECT,DATSCAN TOMO,SPECT,
SPECT,PMMI 2.0 Symbia,SPECT,
SPECT,Bioclinica DaTscan,SPECT,
MRI,2D GRE-NMMT,NM2DMT,
MRI,rsfmriLR,rsfMRI_LR,
MRI,rsmriRL,rsfMRI_RL,
MRI,SAG FSPGR 3D VOLUMETRIC T1,T1w,
fMRI,Ax rsfMRI FREQ R_L,rsfMRI_RL,
MRI,2D GRE - MT,NM2DMT,
MRI,SAG CUBE FLAIR,T2Flair,
DTI,Axial DTI FREQ A_P,DTI,
MRI,GRE B0,Other,
SPECT,Invicro_DATscan_SPECT,SPECT,
PET,[BR-DY_CTAC] Tau Brain Dyn,PET,
MRI,3D_T2_FLAIR_SAG INVICCRO T2 FLAIR,T2Flair,
fMRI,REPEAT fMRI,rsfMRI,
SPECT,Invicro_I-123_SPECT,SPECT,
MRI,SAG T1 SE,T1w,
MRI,MIDLINE SAG LOC,Other,
MRI,3 PLANE LOC,Other,
DTI,DTI_EXP,DTI,
DTI,DTI_phantom,Other,
DTI,DTI_PHANTOM,Other,
MRI,PPMI 2.0,SPECT,
DTI,PPMI 2.0,SPECT,
MRI,*AX FSE T2,Other,
MRI,*Ax T2 FSE,Other,
fMRI,2 NM-GRE,NM2DMT,
DTI,2D DTI EPI FAT SHIFT LEFT,DTI_RL,
DTI,2D DTI EPI FAT SHIFT RIGHT,DTI_LR,
MRI,2D GRE-MT_ACPC,NM2DMT,
MRI,2D-GRE MT,NM2DMT,
MRI,2D-GRE-MT,NM2DMT,
MRI,3D FLAIR,Other,
MRI,3D SAG,T1w,
MRI,3D T1-Weighted,T1w,
MRI,3D T1-weighted_MPR_cor,Other,
MRI,3D T1-weighted_MPR_Cor,Other,
MRI,3D T1-weighted_MPR_tra,Other,
MRI,3D T1-weighted_MPR_Tra,Other,
MRI,3D T2 FLAIR_MPR_Tra_1.5mm,Other,
MRI,3D T2 FLAIR_ti1650_ND_MPR_Cor,Other,
MRI,3D T2 FLAIR_ti1650_ND_MPR_Tra,Other,
MRI,Anon,Other,
MRI,Ax 3D SWAN GRE straight,Other,
MRI,AX DE TSE,Other,
DTI,AX DTI _reverse,DTI,
DTI,AX DTI 32 DIR FAT SHIFT L,DTI_RL,
DTI,AX DTI 32 DIR FAT SHIFT L NO ANGLE,DTI_RL,
DTI,AX DTI 32 DIR FAT SHIFT R,DTI_LR,
DTI,AX DTI 32 DIR FAT SHIFT R NO ANGLE,DTI_LR,
MRI,AX DUAL_TSE,Other,
MRI,Ax FSE T2,Other,
MRI,AX PD  5/1,Other,
MRI,Ax PD /T2,Other,
MRI,AX PD + T2,Other,
MRI,ax t1 reformat,Other,
MRI,AX T2,Other,
MRI,AX T2 AC-PC LINE ENTIRE BRAIN,Other,
MRI,AX T2 AC-PC line Entire Brain,Other,
MRI,AX T2 DE,Other,
MRI,Ax T2 FSE,Other,
MRI,AX T2 FSE,Other,
MRI,Ax T2 Fse thin ac-pc,Other,
MRI,Ax T2* GRE,Other,
MRI,AXIAL  T2  FSE,Other,
DTI,Axial DTI L>R_no angle,DTI_LR,
DTI,Axial DTI R>L_no angle,DTI_RL,
MRI,AXIAL FSE T2 FS,Other,
MRI,Axial PD-T2 TSE,Other,
MRI,Axial PD-T2 TSE_AC PC line,Other,
MRI,Axial PD-T2 TSE_AC/PC line,Other,
MRI,Axial PD-T2-FS TSE,Other,
MRI,AXIAL PD+T2 TSE,Other,
MRI,Axial T2-TSE with Fat Sat,Other,
MRI,AXIAL_T2_STAR,Other,
MRI,COR,Other,
MRI,COR T2,Other,
MRI,dDW_SSh ADC,Other,
MRI,dDW_SSh SENSE,Other,
MRI,Double_TSE,Other,
DTI,dReg - DT_SSh_iso SENSE,Other,
DTI,DTI Sequence_ADC,Other,
DTI,DTI Sequence_FA,Other,
DTI,DTI Sequence_TRACEW,Other,
DTI,DTI_B0_PA,DTI,
MRI,DTI_B0_PA,DTI,
DTI,DTI_B1000_64dir_PA,DTI,
MRI,DTI_B1000_64dir_PA,DTI,
MRI,DTI_B1000_64dir_PA_TENSOR_B0,Other,
DTI,DTI_B2000_64dir_PA,DTI,
MRI,DTI_B2000_64dir_PA,DTI,
MRI,DTI_B2000_64dir_PA_TENSOR_B0,Other,
DTI,DTI_B700_64dir_PA,DTI,
MRI,DTI_B700_64dir_PA,DTI,
MRI,DTI_B700_64dir_PA_TENSOR_B0,Other,
DTI,DTI_gated AC-PC LINE_FA,Other,
DTI,DTI_gated AC-PC LINE_TRACEW,Other,
DTI,DTI_gated_ADC,Other,
DTI,DTI_gated_FA,Other,
DTI,DTI_gated_TRACEW,Other,
MRI,DTI_LR  L>>R,DTI_LR,
DTI,DTI_LR 9pulse gating),DTI,
MRI,DTI_LR_ADC,Other,
MRI,DTI_LR_ColFA,Other,
MRI,DTI_LR_FA,Other,
MRI,DTI_LR_TENSOR_B0,Other,
MRI,DTI_LR_TRACEW,Other,
DTI,DTI_revB0_AP,DTI,
MRI,DTI_revB0_AP,DTI,
MRI,DTI_RL  R>>L,DTI_RL,
DTI,DTI_RL (pulse gating),DTI_RL,
MRI,DTI_RL_ADC,Other,
MRI,DTI_RL_ColFA,Other,
MRI,DTI_RL_FA,Other,
MRI,DTI_RL_TENSOR_B0,Other,
MRI,DTI_RL_TRACEW,Other,
MRI,DUAL_TSE,Other,
MRI,DW_SSh separate,Other,
MRI,DWI,DTI,
MRI,eDW_SSh SENSE,Other,
DTI,eReg - DT_SSh_iso SENSE,Other,
MRI,faReg - DT_SSh_iso SENSE,Other,
MRI,HighResHippo,Other,
MRI,IsoADC,Other,
MRI,IsoDWI,Other,
MRI,localizer,Other,
MRI,LOCALIZER,Other,
MRI,MPRAGE Phantom GRAPPA2,Other,
MRI,MR,T1w,
DTI,MR,Other,
MRI,MRI BRAIN WO IVCON,Other,
MRI,MRI MAGNETIC RESONANCE EXAM,Other,
MRI,PD-T2 DUAL AXIAL TSE,Other,
DTI,Reg - DT_SSh_iso SENSE,Other,
DTI,REPEAT_NON_GATED,Other,
MRI,REPEAT-Axial PD-T2 TSE,Other,
MRI,Resting State fMRI L>R_ACPC,rsfMRI_LR,
MRI,Resting State fMRI R>L_ ACPC,rsfMRI_RL,
MRI,rpt 3D T1-weighted,T1w,
MRI,RPT Axial PD-T2 TSE,Other,
MRI,RPT T2,Other,
MRI,rsfMRI,rsfMRI,
fMRI,rsfMRI,rsfMRI,
fMRI,rsfMRI_AP,rsfMRI,
MRI,rsfMRI_AP wip,rsfMRI,
MRI,rsfMRI_LR (Eyes Open)  L>>R,rsfMRI_LR,
MRI,RSFMRI_LR ANGLE TO AC PC,rsfMRI_LR,
fMRI,rsfMRI_PA,rsfMRI,
MRI,rsfMRI_PA_wip,rsfMRI,
MRI,rsfMRI_RL (Eyes Open)  R>>L,rsfMRI_RL,
MRI,RSFMRI_RL ANGLE TO AC PC,rsfMRI_RL,
MRI,SAG,T1w,
MRI,sag,T1w,
MRI,Sagittal 3D FLAIR,T2Flair,
MRI,Sagittal 3D T1W,T1w,
MRI,SG T2WI DS,Other,
MRI,Split from rsfMRI_LR,rsfMRI_LR,
MRI,Split from rsfMRI_LR - USE,rsfMRI_LR,
MRI,Split from rsfMRI_RL,rsfMRI_RL,
MRI,Split from rsfMRI_RL - USE,rsfMRI_RL,
MRI,sT2W/PD_TSE,Other,
MRI,T!,T1w,
MRI,t2 cor,Other,
MRI,T2 COR,Other,
MRI,T2 Repeat,Other,
MRI,T2 repeat,Other,
MRI,T2 REPEAT,Other,
MRI,t2_tirm_tra_dark-fluid NO BLADE,Other,
MRI,t2_tirm_tra_dark-fluid_,Other,
MRI,t2_tse_tra,Other,
MRI,T2-weighted traceons ac-pc,Other,
MRI,TRA,Other,
DTI,TRA/DUAL,Other,
MRI,TRA/DUAL,Other,
MRI,Transverse,Other,
MRI,VWIP 3D_Brain_View_FLAIR_SHC SENSE,T2Flair,
MR,MPR - SmartBrain,T1w,No
MR,rsfMRI_AP_split_1,rsfMRI,
MR,SAG 3D T2 FLAIR RPT,T2Flair,
MR,Ax DWI B-0 A/P,DTI_LR,
MR,DTI_B2000_64dir_AP,DTI_LR,
MR,VT1 3D Volumetric Sequence,T1w,
MR,Split from rsfMRI_AP,rsfMRI_LR,
MR,Split from rsfMRI_PA,rsfMRI_RL,
MR,DTI_LR NO ANGLE,DTI_LR,
MR,DTI_B1000_64dir_AP,DTI_LR,
MR,COR T2 loc,Other,No
MR,DTI_B0_AP,DTI_LR,
MR,Ax DWI B-0 P/A,DTI_RL,
MR,DTI_RL NO ANGLE,DTI_RL,
MR,SAG 3D T1 FSPGR REPEAT,T1w,
MR,DTI_B700_64dir_AP,DTI_LR,
MR,rsfMRI L-R  PHASE ENCODE !!!!,rsfMRI_LR,
MR,"rsfMRI_RL (no music, awake, eyes open)_split_6",rsfMRI_RL,
MR,Ax DTI B-2000 P/A,DTI_RL,
MR,rsfMRI_PA_repeat,rsfMRI_RL,
MR,T1 3D Volumetric Sequence,T1w,
MR,DTI_revB0_AP_S12_DIS2D,DTI_LR,
MR,rsfMRI R-L  PHASE ENCODE !!!!,rsfMRI_RL,
MR,gre_MT_PAPER,NM2DMT,
MR,"rsfMRI_RL (no music, awake, eyes open)_split_4",rsfMRI_RL,
MR, MPRAGE,T1w,
MR,Ax DTI B-1000 P/A,DTI_RL,
MR,rsfMRI_PA_ACPC,rsfMRI_RL,
MR,DTI L-R  PHASE ENCODE !!!!,DTI_LR,
MR,rsfMRI_PA_split_1,rsfMRI_RL,
MR,DTI R-L  PHASE ENCODE !!!!,DTI_RL,
MR,Ax rsfMRI FREQ A_P,rsfMRI_LR,
MR,rsfMRI_AP_ACPC,rsfMRI_LR,
MR,rsfMRI_LR ACPC,rsfMRI_LR,
MR,DTI_B0_PA_straight_FOV,DTI_RL,
MR,Ax DTI B-700 P/A,DTI_RL,
MR,Sagittal 3D FLAIR NO ANGLE,T2Flair,
NM,AC-073241189-1-DAT-G6N1,DAT,
NM,AC-001239818-1-DAT-G6N1,DAT,
NM,AC-073245693-PA-DAT-G6N1,DAT,
NM,AC-086175837-1-DAT-G6N1,DAT,
NM,INVICRO_PPMI 2.0_I123_SPECT,DAT,
NM,AC-016239462-1-DAT-G6N1,DAT,
NM,AC-136242932-1-DAT-G6N1,DAT,
NM,AC-402239728-1-DAT-G6N1,DAT,
NM,DATSCAN_SPECT-1,DAT,
NM,AC-033137482-2-DAT-G6N1,DAT,
NM,AC-073215155-1-DAT-G6N1,DAT,
NM,AC-029209863-1-DAT-G6N1,DAT,
NM,Brain Tomo DaTscan,DAT,
NM,SPARK 3,Other,No
NM,AC-016116216-2-DAT-G6N1,DAT,
NM,Dat-Scan SPECT,DAT,
NM,AC-006210208-1-DAT-G6N1,DAT,
NM,AC-033252146-1-DAT-G6N1,DAT,
NM,AC-001128891-1-DAT-G6N1,DAT,
NM,AC-401135579-2-DAT-G6 |> MATCHED to OB AC DATscan template final,DAT,
NM,AC-029218577-1-DAT-G6N1,DAT,
NM,AC-154173327-1-DAT-G6N1,DAT,
NM,AC-096226463-1-DAT-G6N1,DAT,
NM,AC-403238874-1-DAT-G6N1,DAT,
NM,AC-289244043-1-DAT-G6N1,DAT,
NM,AC-034242001-1-DAT-G6N1,DAT,
NM,TOMO1,Other,DAT?
NM,AC-073243963-1-DAT-G6N1,DAT,
NM,AC-032128196-2-DAT-G6N1,DAT,
NM,AC-168239947-1-DAT-G6N1,DAT,
NM,AC-311237742-1-DAT-G6N1,DAT,
NM,AC-032240358-1-DAT-G6N1,DAT,
NM,PPMI 2.0 INTEVO,Other,?
NM,AC-073100018-3-DAT-G6N1,DAT,
NM,AC-290226603-PA-DAT-G6N1,DAT,
NM,AC-096240389-1-DAT-G6N1,DAT,
NM,AC-029218644-1-DAT-G6N1,DAT,
NM,Invicro DaTScan UCB PD0053,DAT,
NM,AC-028168142-1-DAT-G6N1,DAT,
NM,DaTSCAN Szintigraphie,DAT,
NM,AC-018100952-V02EI-DAT-G6N1,DAT,
NM,AC-290243772-PA-DAT-G6N1,DAT,
NM,AC-407244480-1-DAT-G6N1,DAT,
NM,AC-334240553-1-DAT-G6N1,DAT,
NM,AC-311230391-1-DAT-G6N1,DAT,
NM,AC-290238701-PA-DAT-G6N1,DAT,
NM,AC-07372826-4-DAT-G6N1,DAT,
NM,AC-217235821-1-DAT-G6N1,DAT,
NM,AC-006233667-1-DAT-G6N1,DAT,
NM,AC-034233039-1-DAT-G6N1,DAT,
NM,AC-034137450-2-DAT-G6N1,DAT,
NM,AC-033165936-1-DAT-G6N1,DAT,
NM,AC-307243027-1-DAT-G6N1,DAT,
NM,AC-032156676-1-DAT-G6N1,DAT,
NM,DaTSCAN Hersenreceptorscint.,DAT,
NM,AC-029233935-1-DAT-G6N1,DAT,
NM,AC-028243618-1-DAT-G6N1,DAT,
NM,AC-168240317-1-DAT-G6N1,DAT,
NM,AC-311245581-1-DAT-G6N1,DAT,
NM,SPARC DATSCAN,DAT,
NM,AC-136224286-PA-DAT-G6N1,DAT,
NM,AC-307243029-1-DAT-G6N1,DAT,
NM,AC-136240646-1-DAT-G6N1,DAT,
SPECT,PA-DAT,DAT,
SPECT,TomoKSchale 30 - anon,DAT,
PET,AV 133 Delay 4i/16s UNFILTERED,PET,
PET,AV 133 Delay 4i/16s - UNFILTERED,PET,
PET,BRAIN NAC,DAT,
SPECT,PPMI 2.0 DATSCAN,DAT,
SPECT,Tomo Datscan,DAT,
SPECT,Invicro SPARX3,DAT,
PET,AV 133 Delay 4i/16s - FILTERED,PET,
SPECT,INVICRO_DAT_I123 IOFLUPANE_SPECT,DAT,
SPECT,DatSCAN TOMO,DAT,
SPECT,DAT,DAT,
PET,AV 133 Delay 4i/16s- UNFILTERED,PET,
SPECT,DatScan Tomo,DAT,
PET,AV 133 Delay 4i/16s -FILTERED,PET,
SPECT,Orchestra,DAT,
SPECT,PPMI 2.0 Brain,DAT,
PET,AV 133 Delay 4i/16s FILTERED,PET,
MR,t2_localizer,Other,no
NM,AC-088170471-PA-DAT-G6N1,DAT,
NM,AC-032242895-1-DAT-G6N1,DAT,
PT,AV 133 Delay 4i/16s -unfiltered,PET,
PT,BRAIN AC-filtered,DAT,
PT,AV 133 Delay 4i/16s -filtered,PET,
PT,AV 133 Delay 4i/16s- unfiltered,PET,
